{"val_recall":0.9131832797427653,"_timestamp":1.743526879433657e+09,"val_loss":0.04983403794044121,"epoch":5,"_wandb":{"runtime":1},"train_loss":0.029468340225857516,"training_plots":{"path":"media/images/training_plots_7_1019b80c1965b655bbdd.png","format":"png","width":1500,"height":500,"_type":"image-file","sha256":"1019b80c1965b655bbdd82d5371b1cd4e0695bdd86aeddf3f6590fe46cdbcb94","size":72970},"_step":7,"val_f1":0.9190855190121896,"test_recall":0.8984771573604061,"training_config":{"device":"cpu","model_name":"bert-base-uncased","batch_size":16,"num_epochs":5,"learning_rate":2e-05},"val_precision":0.9259421270795429,"_runtime":1.015418843,"model_config":{"warmup_steps":1000,"weight_decay":0.01,"max_length":512,"batch_size":16,"learning_rate":2e-05,"num_epochs":5},"test_precision":0.9206285051523503,"test_f1":0.9087853054862229}