{
    "training_history": {
        "train_loss": [
            0.5298053020374782,
            0.26449993796379634,
            0.11684352525961904,
            0.05050803876879355,
            0.029468340225857516
        ],
        "val_loss": [
            0.3395351830757026,
            0.1845919406323722,
            0.09458392765372992,
            0.05016021005752863,
            0.04983403794044121
        ],
        "val_f1": [
            0.0,
            0.4440937831234362,
            0.8480427159884429,
            0.9198952123542765,
            0.9190855190121896
        ],
        "val_precision": [
            0.0,
            0.939571230421429,
            0.8879795255665395,
            0.9309855245844961,
            0.9259421270795429
        ],
        "val_recall": [
            0.0,
            0.3247588424437299,
            0.837620578778135,
            0.909967845659164,
            0.9131832797427653
        ]
    },
    "test_metrics": {
        "f1": 0.9087853054862229,
        "precision": 0.9206285051523503,
        "recall": 0.8984771573604061
    },
    "model_config": {
        "max_length": 512,
        "batch_size": 16,
        "learning_rate": 2e-05,
        "num_epochs": 5,
        "warmup_steps": 1000,
        "weight_decay": 0.01
    },
    "training_config": {
        "model_name": "bert-base-uncased",
        "batch_size": 16,
        "num_epochs": 5,
        "learning_rate": 2e-05,
        "device": "cpu"
    }
}